seed,n_samples,noise_level,split_type,model,macro_test_r2,median_test_r2,worst_test_r2,targets_r2_above_0_5,fit_eval_seconds,support_map,support_recall_at_true_k,mapping_recall_at_3
0,1200,0.3,random,rf_baseline,0.5270402510972321,0.49036876640698057,0.10286459348998789,12,3.3297518000001673,0.875,0.75,1.0
0,1200,0.3,random,et_random_thresholds,0.5473313253359949,0.5296967419636329,0.11548333852627113,14,2.140657200000078,0.875,0.75,1.0
0,1200,0.3,random,et_more_trees,0.5543627317978743,0.5368713067208382,0.13864152795046258,15,3.380253100000118,0.875,0.75,1.0
0,1200,0.3,random,et_feature_subsample,0.5527326619582508,0.5463311048169868,0.12390000085101427,15,1.8622735999999804,0.9166666666666666,0.8333333333333334,1.0
0,1200,0.3,random,et_full,0.5569509221283107,0.5482419159106376,0.12632632461443793,15,2.7781281000000035,0.9166666666666666,0.8333333333333334,1.0
0,1200,0.3,spatial,rf_baseline,0.5253759531216786,0.5267133974622361,0.17593521133883916,14,3.1121279999999842,0.875,0.75,1.0
0,1200,0.3,spatial,et_full,0.544275780787321,0.5519091650086431,0.17848283760209316,14,2.7324140000000625,0.9166666666666666,0.8333333333333334,1.0
1,1200,0.3,random,rf_baseline,0.5343853859851083,0.5788083512114681,0.007826717400210348,15,3.2041289000001143,0.85,0.7,1.0
1,1200,0.3,random,et_random_thresholds,0.5521347733707226,0.5952950702742644,0.023459672681915067,16,2.1133551000000352,0.9,0.8,1.0
1,1200,0.3,random,et_more_trees,0.556844177111963,0.6033466439299346,0.0460435702146077,16,3.1258605000000443,0.9,0.8,1.0
1,1200,0.3,random,et_feature_subsample,0.5503553642584594,0.612228885017139,0.021478709257556128,16,1.8364931999999499,0.85,0.7,1.0
1,1200,0.3,random,et_full,0.5575860263435363,0.6156303524643523,0.04204587032179452,16,2.5715867999999773,0.9,0.8,1.0
1,1200,0.3,spatial,rf_baseline,0.5515649089197512,0.6076037175287532,-0.04984661600015894,15,3.16475360000004,0.9,0.8,1.0
1,1200,0.3,spatial,et_full,0.5755854055649036,0.6415120976313474,0.07395915367291006,17,2.63137410000013,0.9,0.8,1.0
2,1200,0.3,random,rf_baseline,0.4942715493393024,0.5441596137825211,-0.04709115937585118,17,3.1311838999999964,0.9545454545454546,0.9090909090909091,1.0
2,1200,0.3,random,et_random_thresholds,0.5141673532495866,0.5623050408624171,-0.030061638576582617,17,2.0898721000000933,0.9393939393939394,0.8636363636363636,1.0
2,1200,0.3,random,et_more_trees,0.5190732293529032,0.5637379341622234,-0.0198986769825793,17,3.1372908000000734,0.9393939393939394,0.8636363636363636,1.0
2,1200,0.3,random,et_feature_subsample,0.5148085732740855,0.5578970078448481,-0.037483636763096184,17,1.8351648000000296,0.9393939393939394,0.8636363636363636,1.0
2,1200,0.3,random,et_full,0.5195349430641516,0.5649111087945787,-0.030865459397328987,17,2.696444100000008,0.9393939393939394,0.8636363636363636,1.0
2,1200,0.3,spatial,rf_baseline,0.4803097088408689,0.5073606558743738,-0.05234281699514165,14,3.233035299999983,1.0,1.0,1.0
2,1200,0.3,spatial,et_full,0.4967394464599018,0.5277730201300919,-0.035252055444530805,16,2.72130130000005,0.9393939393939394,0.8636363636363636,1.0
3,1200,0.3,random,rf_baseline,0.45201015136669276,0.4530298085770807,-0.13911549474978102,12,3.175570799999832,0.6916666666666667,0.45,0.9166666666666666
3,1200,0.3,random,et_random_thresholds,0.4787552793664711,0.4615084085807923,-0.013945196319717246,12,2.0905014999998457,0.7333333333333333,0.55,0.8333333333333334
3,1200,0.3,random,et_more_trees,0.48443888074504926,0.47358379999084044,-0.003545396009905888,12,3.1538534999999683,0.6916666666666667,0.45,0.9166666666666666
3,1200,0.3,random,et_feature_subsample,0.4857035172501573,0.46845159963331207,-0.037039960840916875,12,1.8596995000000334,0.675,0.45,0.75
3,1200,0.3,random,et_full,0.4902267783048353,0.47587332582542147,-0.018149223728369135,12,2.7638111000001118,0.6833333333333333,0.45,0.8333333333333334
3,1200,0.3,spatial,rf_baseline,0.3842338817714221,0.4673058511354196,-1.0923833158377354,13,3.172750599999972,0.6916666666666667,0.45,0.9166666666666666
3,1200,0.3,spatial,et_full,0.4319746643462909,0.4713458917409674,-0.6871779804736284,13,2.7552166000000398,0.6666666666666666,0.4,0.8333333333333334
4,1200,0.3,random,rf_baseline,0.47617146997557014,0.47685830526676104,-0.040756002173826245,11,3.206887899999856,0.95,0.9,1.0
4,1200,0.3,random,et_random_thresholds,0.494916179894988,0.5055204856331267,-0.07186173317914801,14,2.1170991000001322,0.95,0.9,1.0
4,1200,0.3,random,et_more_trees,0.5005591718644781,0.5034065425637628,-0.06448548866029946,13,3.2380046999999195,0.95,0.9,1.0
4,1200,0.3,random,et_feature_subsample,0.4926627515905936,0.5018582774815143,-0.029912584103551687,13,1.8864931000000524,1.0,1.0,1.0
4,1200,0.3,random,et_full,0.50256198712865,0.5118256970817248,-0.017901001567916408,14,2.846365199999809,0.95,0.9,1.0
4,1200,0.3,spatial,rf_baseline,0.4258845663028661,0.44114304832027246,-0.03296759735856303,10,3.311960900000031,0.95,0.9,1.0
4,1200,0.3,spatial,et_full,0.46041564633973403,0.4782541614173976,-0.024230459445833352,11,2.8616942000001018,0.95,0.9,1.0
5,1200,0.3,random,rf_baseline,0.44794581127579336,0.39142309985569157,0.12161449023118531,9,3.4221688999998605,0.9259259259259258,0.8333333333333334,1.0
5,1200,0.3,random,et_random_thresholds,0.4667076008996481,0.42061845583330487,0.12766693504306015,11,2.1827926999999363,0.9259259259259258,0.8333333333333334,1.0
5,1200,0.3,random,et_more_trees,0.4732604542141555,0.4283400378416057,0.14088975743567755,11,3.135627300000124,0.9259259259259258,0.8333333333333334,1.0
5,1200,0.3,random,et_feature_subsample,0.46303470840148364,0.42125618111780333,0.11817657224196654,11,1.83483810000007,0.9259259259259258,0.8333333333333334,1.0
5,1200,0.3,random,et_full,0.47044905950834737,0.43446178737181873,0.13766477040929948,11,2.6017861000000266,0.9259259259259258,0.8333333333333334,1.0
5,1200,0.3,spatial,rf_baseline,0.41324179438135616,0.3450155132765139,0.014663819863918293,9,3.147335699999985,0.9259259259259258,0.8333333333333334,1.0
5,1200,0.3,spatial,et_full,0.4312353857824739,0.34397835634675855,0.07095884911567407,9,2.6346521000000394,0.9259259259259258,0.8333333333333334,1.0
6,1200,0.3,random,rf_baseline,0.49216349794179204,0.4798222299720122,0.08221364358005923,11,3.2132378999999673,0.9090909090909091,0.8181818181818182,1.0
6,1200,0.3,random,et_random_thresholds,0.5025831283878897,0.4854192041892143,0.1069042409446962,12,2.1252300999999534,0.9090909090909091,0.8181818181818182,1.0
6,1200,0.3,random,et_more_trees,0.5075865510703452,0.48895401504386726,0.12001381164720026,13,3.2107249000000593,0.9090909090909091,0.8181818181818182,1.0
6,1200,0.3,random,et_feature_subsample,0.4983310031838595,0.4673706002476847,0.10720676921893357,12,1.8330144999999902,0.9090909090909091,0.8181818181818182,1.0
6,1200,0.3,random,et_full,0.5041886867311527,0.48572764335217455,0.11987655507932138,13,2.751853100000062,0.9090909090909091,0.8181818181818182,1.0
6,1200,0.3,spatial,rf_baseline,0.46923931092808374,0.5094868523539218,-0.02013466464517233,14,3.197509000000082,0.9090909090909091,0.8181818181818182,1.0
6,1200,0.3,spatial,et_full,0.4892909619520135,0.5175359408547251,0.03934191018551203,14,2.686500299999807,0.9090909090909091,0.8181818181818182,1.0
7,1200,0.3,random,rf_baseline,0.4620898132838403,0.5069940654771965,-0.013916022603916556,14,3.2516811999998936,0.9,0.85,0.8333333333333334
7,1200,0.3,random,et_random_thresholds,0.481607650065043,0.5321461458612581,0.03436691182632545,15,2.158033400000022,0.9333333333333332,0.85,1.0
7,1200,0.3,random,et_more_trees,0.48812800534849526,0.5379662035820743,0.07405922891400807,15,3.296508299999914,0.9333333333333332,0.85,1.0
7,1200,0.3,random,et_feature_subsample,0.4829255331431762,0.533969732928291,0.026183531298599072,15,1.9454807000001892,0.9333333333333332,0.85,1.0
7,1200,0.3,random,et_full,0.4897148403001985,0.539127722806525,0.04747249126131603,15,2.767915599999924,0.9333333333333332,0.85,1.0
7,1200,0.3,spatial,rf_baseline,0.469470898146131,0.5519693287163928,-0.16447088485828276,14,3.09245060000012,0.9083333333333332,0.85,0.9166666666666666
7,1200,0.3,spatial,et_full,0.4900718919990389,0.5650814594860216,0.006131938020856875,14,2.7491079999999783,0.9333333333333332,0.9,1.0
8,1200,0.3,random,rf_baseline,0.47324918347494765,0.4945641597426795,0.02858129665405107,13,3.1056174999998802,0.8333333333333334,0.7222222222222222,1.0
8,1200,0.3,random,et_random_thresholds,0.49383753095128574,0.5062439194702053,0.101193154910036,13,2.1199713999999403,0.8333333333333334,0.7222222222222222,1.0
8,1200,0.3,random,et_more_trees,0.49874354275000343,0.5104941161777812,0.09779396637931637,13,3.1408558999996785,0.8333333333333334,0.7222222222222222,1.0
8,1200,0.3,random,et_feature_subsample,0.4933860364289001,0.5133019706877926,0.11154725075769878,13,1.9665495999997802,0.8333333333333334,0.7222222222222222,1.0
8,1200,0.3,random,et_full,0.499311226582572,0.5224229879027096,0.10352699776692409,13,2.7732931000000463,0.8333333333333334,0.7222222222222222,1.0
8,1200,0.3,spatial,rf_baseline,0.43942231506197643,0.4329357171542811,0.09581850900803035,11,3.0454710999997587,0.8333333333333334,0.7222222222222222,1.0
8,1200,0.3,spatial,et_full,0.47140331542367864,0.4675040503070067,0.13754484104680476,13,2.686823900000036,0.824074074074074,0.7222222222222222,0.9166666666666666
9,1200,0.3,random,rf_baseline,0.49187228304415,0.5660027184339136,-0.1028028568216659,13,3.281381799999963,0.855379188712522,0.7407407407407407,0.9166666666666666
9,1200,0.3,random,et_random_thresholds,0.5139588427185957,0.5842757726616908,-0.051085910719224525,14,2.216220499999963,0.8580246913580247,0.7407407407407407,0.9166666666666666
9,1200,0.3,random,et_more_trees,0.5214259032227442,0.5901108571099405,-0.032124491168122216,14,3.3778137999997853,0.8024691358024691,0.6296296296296295,0.9166666666666666
9,1200,0.3,random,et_feature_subsample,0.5184426449641173,0.5899701620389506,-0.051564789935023336,14,1.9150614999998652,0.8580246913580247,0.7407407407407407,0.9166666666666666
9,1200,0.3,random,et_full,0.522074756251828,0.596491830028014,-0.030686441048509705,14,2.763369700000112,0.8580246913580247,0.7407407407407407,0.9166666666666666
9,1200,0.3,spatial,rf_baseline,0.06809240499200306,0.6215893470887801,-6.387270106866577,14,3.1607269000000997,0.7998236331569665,0.6296296296296295,0.9166666666666666
9,1200,0.3,spatial,et_full,0.11861138356185467,0.6278752410949546,-5.861515837938075,15,2.692950799999835,0.8024691358024691,0.6296296296296295,0.9166666666666666
10,1200,0.3,random,rf_baseline,0.5063041958477981,0.5850117201224299,-0.14245423404414237,15,3.1971027999998114,0.8863636363636364,0.8181818181818182,0.9166666666666666
10,1200,0.3,random,et_random_thresholds,0.5281318289598023,0.5904237797493409,0.015805665436305683,15,2.1072457000000213,0.9166666666666665,0.8636363636363636,0.9166666666666666
10,1200,0.3,random,et_more_trees,0.5342629742683748,0.5924678548350372,0.047079394823998144,15,3.235299700000269,0.9318181818181818,0.9090909090909091,0.9166666666666666
10,1200,0.3,random,et_feature_subsample,0.5270432339370525,0.591321138690569,0.0036124234605313665,15,1.8627556999999797,0.9318181818181818,0.9090909090909091,0.9166666666666666
10,1200,0.3,random,et_full,0.5339052304118603,0.5980312742032747,0.012493913435545845,15,2.7181257000002006,0.9318181818181818,0.9090909090909091,0.9166666666666666
10,1200,0.3,spatial,rf_baseline,0.4838629638412204,0.5258451186175634,-0.016406529230389433,13,3.15519600000016,0.9318181818181818,0.9090909090909091,0.9166666666666666
10,1200,0.3,spatial,et_full,0.507438730630385,0.5383886650259462,0.06312450336626396,14,2.6650079000000915,0.9318181818181818,0.9090909090909091,0.9166666666666666
11,1200,0.3,random,rf_baseline,0.469947587705147,0.5015402616459095,0.007591159468086972,13,3.2029413000000204,0.8939393939393938,0.7727272727272727,1.0
11,1200,0.3,random,et_random_thresholds,0.4930619564680096,0.5229266962409903,0.05308527127080365,14,2.134377500000028,0.8939393939393938,0.7727272727272727,1.0
11,1200,0.3,random,et_more_trees,0.4998891734599651,0.5360589656916654,0.056011539322772586,15,3.179882400000224,0.8939393939393938,0.7727272727272727,1.0
11,1200,0.3,random,et_feature_subsample,0.49599864190757853,0.5290027305458226,0.04911381744387866,15,1.8617049999998017,0.8863636363636364,0.7727272727272727,0.9166666666666666
11,1200,0.3,random,et_full,0.5025586961267853,0.5336287638892363,0.057741884466654736,15,2.8913053000001128,0.8863636363636364,0.7727272727272727,0.9166666666666666
11,1200,0.3,spatial,rf_baseline,0.28038906327165913,0.3479752945615861,-0.9384046476715475,7,3.0951688000000104,0.8787878787878788,0.7727272727272727,1.0
11,1200,0.3,spatial,et_full,0.34762309418151255,0.36803380078650744,-0.4125798065754622,8,2.691067000000203,0.8787878787878788,0.7727272727272727,1.0
12,1200,0.3,random,rf_baseline,0.5150223400826615,0.5594145523689487,-0.04687074203195074,16,3.1239596000000347,0.8833333333333334,0.75,1.0
12,1200,0.3,random,et_random_thresholds,0.5252903517969011,0.5651318254127744,-0.03739090246212862,16,2.129457999999886,0.95,0.9,1.0
12,1200,0.3,random,et_more_trees,0.5313032261084356,0.5719471227376655,-0.022650162836232557,17,3.3894696000002114,0.95,0.9,1.0
12,1200,0.3,random,et_feature_subsample,0.5294884049712159,0.5764876822350125,-0.041828146877045835,17,1.9432885999999598,0.9,0.8,1.0
12,1200,0.3,random,et_full,0.535036956608841,0.5814458714560027,-0.03316807626845364,17,2.8756782000000385,0.9,0.8,1.0
12,1200,0.3,spatial,rf_baseline,0.48375595042378067,0.5109037329820999,-0.02304144208031733,14,3.158957999999984,0.8833333333333334,0.75,1.0
12,1200,0.3,spatial,et_full,0.5097250466957275,0.5604826442813184,-0.037488369673663424,16,3.124003200000061,0.8833333333333334,0.75,1.0
13,1200,0.3,random,rf_baseline,0.4523134601742712,0.42139684895192003,0.010474075741177313,12,3.4141191000003346,0.8083333333333332,0.65,1.0
13,1200,0.3,random,et_random_thresholds,0.46745394869108786,0.43003231863129865,0.01724024609607333,12,2.3536347999997815,0.8,0.65,0.9166666666666666
13,1200,0.3,random,et_more_trees,0.47312448033061333,0.439460950079325,0.039325739284974404,12,3.3028457999998864,0.8,0.65,0.9166666666666666
13,1200,0.3,random,et_feature_subsample,0.4662216578591298,0.42823493053939027,0.057570466982113655,12,1.8827295000000959,0.8,0.65,0.9166666666666666
13,1200,0.3,random,et_full,0.47358037828714256,0.44029418081989286,0.053925345583568096,12,2.698579299999892,0.8,0.65,0.9166666666666666
13,1200,0.3,spatial,rf_baseline,0.453014442860704,0.4023035317640201,0.07237048137000912,9,3.3150257000002057,0.8083333333333332,0.65,1.0
13,1200,0.3,spatial,et_full,0.4619542136951171,0.3965956968478824,0.06986461772780928,9,2.6187786000000415,0.8,0.65,0.9166666666666666
14,1200,0.3,random,rf_baseline,0.5111384769058968,0.6515228436944616,-0.07231442702598478,15,3.13136650000024,0.875,0.8,0.9166666666666666
14,1200,0.3,random,et_random_thresholds,0.5337623179987443,0.6660065683143427,0.035627691445266896,15,2.125456700000086,0.8699999999999999,0.8,0.9166666666666666
14,1200,0.3,random,et_more_trees,0.5360964087548803,0.6666944336233658,0.02308351765947403,15,3.0361149999998815,0.8699999999999999,0.8,0.9166666666666666
14,1200,0.3,random,et_feature_subsample,0.5336439017244301,0.6664198973972532,-0.01761925951517873,15,1.8326136999999108,0.8699999999999999,0.8,0.9166666666666666
14,1200,0.3,random,et_full,0.5421303642365278,0.67037941215887,0.021615801691119763,15,2.5547802000000956,0.8699999999999999,0.8,0.9166666666666666
14,1200,0.3,spatial,rf_baseline,0.49722424627879874,0.6279615708623562,-0.04951691556247506,15,3.097037300000011,0.8699999999999999,0.8,0.9166666666666666
14,1200,0.3,spatial,et_full,0.5257568760973369,0.6521263529961825,0.07166796110078899,15,2.5481574999998884,0.875,0.8,0.9166666666666666
15,1200,0.3,random,rf_baseline,0.5278287747636052,0.4944476204030702,-0.010938378011470462,13,3.104084099999909,0.9,0.8,0.8333333333333334
15,1200,0.3,random,et_random_thresholds,0.5382714783930148,0.5095876744828916,-0.02657147079041544,14,2.091827199999898,0.8616666666666667,0.8,0.9166666666666666
15,1200,0.3,random,et_more_trees,0.5451638410847066,0.5146549754791023,-0.0261794406673459,14,3.01712150000003,0.9083333333333334,0.85,0.9166666666666666
15,1200,0.3,random,et_feature_subsample,0.5419961553636321,0.511299671582102,-0.030380711077039768,14,1.8276700000001256,0.8783333333333333,0.85,0.9166666666666666
15,1200,0.3,random,et_full,0.548311947219122,0.5139857009872051,-0.012703283426497736,14,2.6050695000003543,0.9033333333333333,0.85,0.9166666666666666
15,1200,0.3,spatial,rf_baseline,0.4397237992128158,0.4362501394062266,-0.06568389625529059,11,3.008061600000019,0.9083333333333332,0.8,0.9166666666666666
15,1200,0.3,spatial,et_full,0.4821808834667735,0.4565953266421393,-0.038692317727311076,12,2.572995699999865,0.9083333333333334,0.85,0.9166666666666666
16,1200,0.3,random,rf_baseline,0.4968926962447889,0.5332593909043588,0.11500945276121011,15,3.0723573000000215,0.9848484848484848,0.9545454545454546,1.0
16,1200,0.3,random,et_random_thresholds,0.5094883818629975,0.5575369432912284,0.12455758726439004,15,2.086227400000098,0.9848484848484848,0.9545454545454546,1.0
16,1200,0.3,random,et_more_trees,0.5153057671944709,0.5654671714190606,0.1252022690797765,15,3.0683091000000786,0.9848484848484848,0.9545454545454546,1.0
16,1200,0.3,random,et_feature_subsample,0.5171223314978496,0.5601738582384008,0.12257923226507983,16,1.8188516999998683,0.9848484848484848,0.9545454545454546,1.0
16,1200,0.3,random,et_full,0.5244531418612701,0.5693903262450479,0.13690763158866504,16,2.569930000000113,0.9848484848484848,0.9545454545454546,1.0
16,1200,0.3,spatial,rf_baseline,0.5082873044602509,0.5799375060124141,0.12436477028509518,16,3.052109300000211,1.0,1.0,1.0
16,1200,0.3,spatial,et_full,0.5282560141278414,0.593921560355579,0.12010150123445595,16,2.578913199999988,1.0,1.0,1.0
17,1200,0.3,random,rf_baseline,0.4115396841177002,0.5306100881147559,-0.09084344812650569,14,3.1664513000000625,0.9,0.8,1.0
17,1200,0.3,random,et_random_thresholds,0.42433126535695753,0.5307438316701947,-0.047354037102168345,15,2.1108203000003414,0.9,0.8,1.0
17,1200,0.3,random,et_more_trees,0.4331574278415763,0.5409580087470183,-0.019092216585812727,15,3.0515268999997716,0.8833333333333332,0.75,1.0
17,1200,0.3,random,et_feature_subsample,0.423984453906947,0.5365836223644915,-0.04390229629626674,15,1.8337776999997004,0.8833333333333332,0.75,1.0
17,1200,0.3,random,et_full,0.43136624811314683,0.5451126687796726,-0.025024588745445886,15,2.5663964000000306,0.9,0.8,1.0
17,1200,0.3,spatial,rf_baseline,0.3905259207781875,0.5126711952779797,-0.10990868334186543,13,3.1413829000002806,0.9,0.8,1.0
17,1200,0.3,spatial,et_full,0.4138983607263836,0.5268826939163145,-0.04084776394680256,14,2.5484402999995837,0.95,0.9,1.0
18,1200,0.3,random,rf_baseline,0.5442105114531472,0.5668847036436091,0.03684293661885141,17,3.0384125000000495,0.913888888888889,0.8666666666666666,0.9166666666666666
18,1200,0.3,random,et_random_thresholds,0.5566740384658436,0.5906470746613176,0.02921990173904465,19,2.088670500000262,0.888888888888889,0.8666666666666666,0.8333333333333334
18,1200,0.3,random,et_more_trees,0.5633804937676199,0.6012833915135736,0.04698628754769463,19,3.0683748999999807,0.8972222222222221,0.8666666666666666,0.9166666666666666
18,1200,0.3,random,et_feature_subsample,0.5611715038740154,0.5950974079879503,0.03235644171555474,18,1.8248349000000417,0.8972222222222221,0.8666666666666666,0.9166666666666666
18,1200,0.3,random,et_full,0.5665857173553273,0.5936357584595409,0.04628210206526062,18,2.531691900000169,0.913888888888889,0.8666666666666666,0.9166666666666666
18,1200,0.3,spatial,rf_baseline,0.5712952907418033,0.5887399346719134,0.07396102516247216,18,3.0345666000002893,0.8972222222222221,0.8666666666666666,0.9166666666666666
18,1200,0.3,spatial,et_full,0.5848374178653158,0.6068886562974203,0.11423523358472754,18,2.6307456999998067,0.8972222222222221,0.8666666666666666,0.9166666666666666
19,1200,0.3,random,rf_baseline,0.5312465663921286,0.5135933177317514,-0.04601963841688317,14,3.0600429999999506,0.8636363636363636,0.7272727272727273,1.0
19,1200,0.3,random,et_random_thresholds,0.5420130724507952,0.5256864273728628,-0.08280779653232195,14,2.122443299999759,0.8636363636363636,0.7272727272727273,1.0
19,1200,0.3,random,et_more_trees,0.5461525424056279,0.5260934367708847,-0.057081246154291554,14,3.021230299999843,0.8636363636363636,0.7272727272727273,1.0
19,1200,0.3,random,et_feature_subsample,0.5385272933763097,0.5266716395983806,-0.04217740889369814,14,1.8117856999997457,0.8636363636363636,0.7272727272727273,1.0
19,1200,0.3,random,et_full,0.5456604885442391,0.5300754779943792,-0.03370037106425583,14,2.5740633999998863,0.8636363636363636,0.7272727272727273,1.0
19,1200,0.3,spatial,rf_baseline,0.47774729542419053,0.4623960713884271,-0.07508846789490864,13,3.1264138999999886,0.8636363636363636,0.7272727272727273,1.0
19,1200,0.3,spatial,et_full,0.4986202284215081,0.49881821060872594,-0.055618458470429566,13,2.5440026999999645,0.8636363636363636,0.7272727272727273,1.0
0,500,0.3,robustness,rf_baseline,0.28018710378818873,0.25774266330802353,-0.178975704392496,9,1.919874400000026,0.8981481481481483,0.8333333333333334,1.0
0,500,0.3,robustness,et_full,0.3217649015586309,0.2837396882680405,-0.09579178122443821,10,1.9768300999999155,0.9814814814814815,0.9444444444444444,1.0
1,500,0.3,robustness,rf_baseline,0.5000205416896426,0.4772816952535715,0.08644901145736106,12,1.8955419999997503,0.9444444444444444,0.8888888888888888,1.0
1,500,0.3,robustness,et_full,0.5164767107573238,0.5262842811155466,0.09672174730927519,15,1.9536600999999791,0.9444444444444444,0.8888888888888888,1.0
2,500,0.3,robustness,rf_baseline,0.39842084593612925,0.3579594305168453,-0.09624361105952062,10,2.0150103999999374,0.8,0.7,0.8333333333333334
2,500,0.3,robustness,et_full,0.42114295032176596,0.3566634276151779,-0.008770836170991947,10,1.9807266000002528,0.8083333333333332,0.7,0.9166666666666666
3,500,0.3,robustness,rf_baseline,0.4682529989588884,0.4658544421803179,-0.11725907812619774,11,1.9388058999998066,0.7783333333333333,0.65,0.9166666666666666
3,500,0.3,robustness,et_full,0.4914915295195982,0.4472794368067342,-0.019106112731552827,11,2.0202039999999215,0.7616666666666666,0.65,0.9166666666666666
4,500,0.3,robustness,rf_baseline,0.4756214395997984,0.5540789559629046,-0.13577104694561126,14,2.0265395999999782,0.9166666666666666,0.85,1.0
4,500,0.3,robustness,et_full,0.5145458137433591,0.6069650060754777,-0.09893776955511968,15,2.0482382000000143,0.9166666666666666,0.85,1.0
5,500,0.3,robustness,rf_baseline,0.43975299959085096,0.44309384238480787,-0.12467030029183435,11,1.930938800000149,1.0,1.0,1.0
5,500,0.3,robustness,et_full,0.4661097451370125,0.48702851692097876,-0.07578852827542604,12,1.963651900000059,1.0,1.0,1.0
6,500,0.3,robustness,rf_baseline,0.5027289086124893,0.5388977626249549,-0.04777337803995918,16,1.9476778999996895,0.8,0.6,1.0
6,500,0.3,robustness,et_full,0.5244367061451622,0.568843635680174,-0.023645591749388295,16,1.9547093000001041,0.8,0.6,1.0
7,500,0.3,robustness,rf_baseline,0.43836932111874927,0.43107807408253435,-0.11577100321187617,12,1.8710003000001052,0.9,0.875,0.9166666666666666
7,500,0.3,robustness,et_full,0.46768975623548115,0.4883695464219306,-0.061651853905678955,11,2.019655099999909,0.90625,0.875,0.9166666666666666
0,500,0.9,robustness,rf_baseline,0.2793124825337182,0.24254154776639086,-0.18443510614862957,8,2.106207599999834,0.9537037037037037,0.9444444444444444,1.0
0,500,0.9,robustness,et_full,0.3033622932500105,0.2664607381994363,-0.1026884221501263,10,2.005558199999996,0.9814814814814815,0.9444444444444444,1.0
1,500,0.9,robustness,rf_baseline,0.4916552903373439,0.4756057820845303,0.11751962690157103,12,1.9791714999996657,0.9444444444444444,0.8888888888888888,1.0
1,500,0.9,robustness,et_full,0.5035349049270497,0.5051245399210943,0.07631348666731563,13,1.98331700000017,0.9444444444444444,0.8888888888888888,1.0
2,500,0.9,robustness,rf_baseline,0.39853515539729256,0.3284776834905021,-0.050523855472360824,10,1.9912854999997762,0.8,0.7,0.8333333333333334
2,500,0.9,robustness,et_full,0.4140470644770084,0.34392005294074113,0.0007824110480251223,10,1.9904833999999028,0.8083333333333332,0.7,0.9166666666666666
3,500,0.9,robustness,rf_baseline,0.4602977848144926,0.4181206601035145,-0.12353655670719421,11,1.9362175000001116,0.7783333333333333,0.65,0.9166666666666666
3,500,0.9,robustness,et_full,0.4813818133727503,0.4399567119595781,-0.03541077825232852,11,1.983876600000258,0.7616666666666666,0.65,0.9166666666666666
4,500,0.9,robustness,rf_baseline,0.4773713196823491,0.5238896627801095,-0.08665922636603152,13,1.9049995999998828,0.9166666666666666,0.85,1.0
4,500,0.9,robustness,et_full,0.5051198411351125,0.5658131187579398,-0.04371501764784491,15,1.9944550999998683,0.9166666666666666,0.85,1.0
5,500,0.9,robustness,rf_baseline,0.4205997606673349,0.440691361529363,-0.1367246107857183,10,1.900640900000326,1.0,1.0,1.0
5,500,0.9,robustness,et_full,0.4497295141546541,0.4744056087505502,-0.035434667423211774,11,2.0102931999999782,1.0,1.0,1.0
6,500,0.9,robustness,rf_baseline,0.4923392738543883,0.5251490698508321,-0.017115038883136924,16,1.958811500000138,0.8,0.6,1.0
6,500,0.9,robustness,et_full,0.5173641683691517,0.549180611798575,0.00910116495023039,16,1.9794784000000618,0.8,0.6,1.0
7,500,0.9,robustness,rf_baseline,0.41836780091972803,0.42385444771091,-0.08668049364919517,11,1.9210908000000018,0.9,0.875,0.9166666666666666
7,500,0.9,robustness,et_full,0.4552507400679167,0.4733703408429735,-0.09057587086638641,11,1.9885125999999218,0.90625,0.875,0.9166666666666666
0,1200,0.3,robustness,rf_baseline,0.5270402510972321,0.49036876640698057,0.10286459348998789,12,3.0883371999998417,0.875,0.75,1.0
0,1200,0.3,robustness,et_full,0.5569509221283107,0.5482419159106378,0.12632632461443793,15,2.627653100000316,0.9166666666666666,0.8333333333333334,1.0
1,1200,0.3,robustness,rf_baseline,0.5343853859851083,0.5788083512114681,0.007826717400210348,15,3.1436969000001227,0.85,0.7,1.0
1,1200,0.3,robustness,et_full,0.5575860263435362,0.6156303524643523,0.04204587032179452,16,2.7381280999998125,0.9,0.8,1.0
2,1200,0.3,robustness,rf_baseline,0.49427154933930245,0.5441596137825211,-0.04709115937585118,17,3.2790588999996544,0.9545454545454546,0.9090909090909091,1.0
2,1200,0.3,robustness,et_full,0.5195349430641516,0.5649111087945787,-0.030865459397328987,17,2.92032590000008,0.9393939393939394,0.8636363636363636,1.0
3,1200,0.3,robustness,rf_baseline,0.45201015136669276,0.4530298085770807,-0.13911549474978102,12,3.1599953999998434,0.6916666666666667,0.45,0.9166666666666666
3,1200,0.3,robustness,et_full,0.4902267783048353,0.47587332582542147,-0.018149223728369135,12,2.627020899999934,0.6833333333333333,0.45,0.8333333333333334
4,1200,0.3,robustness,rf_baseline,0.47617146997557014,0.47685830526676104,-0.040756002173826245,11,3.130703799999992,0.95,0.9,1.0
4,1200,0.3,robustness,et_full,0.50256198712865,0.5118256970817248,-0.017901001567916408,14,2.590860299999804,0.95,0.9,1.0
5,1200,0.3,robustness,rf_baseline,0.44794581127579336,0.39142309985569157,0.12161449023118531,9,3.12020689999963,0.9259259259259258,0.8333333333333334,1.0
5,1200,0.3,robustness,et_full,0.47044905950834737,0.4344617873718188,0.13766477040929948,11,2.6263371999998526,0.9259259259259258,0.8333333333333334,1.0
6,1200,0.3,robustness,rf_baseline,0.49216349794179204,0.4798222299720122,0.08221364358005923,11,3.134062200000244,0.9090909090909091,0.8181818181818182,1.0
6,1200,0.3,robustness,et_full,0.5041886867311527,0.48572764335217455,0.11987655507932138,13,2.601412799999707,0.9090909090909091,0.8181818181818182,1.0
7,1200,0.3,robustness,rf_baseline,0.4620898132838403,0.5069940654771965,-0.013916022603916556,14,3.145113500000207,0.9,0.85,0.8333333333333334
7,1200,0.3,robustness,et_full,0.4897148403001985,0.5391277228065249,0.04747249126131625,15,2.5771104999998897,0.9333333333333332,0.85,1.0
0,1200,0.9,robustness,rf_baseline,0.5205626601049642,0.4886739051048314,0.13278113152014892,13,3.1422778999999537,0.875,0.75,1.0
0,1200,0.9,robustness,et_full,0.5474628230235081,0.5466902076663371,0.13470182991962,14,2.5934124999998858,0.9166666666666666,0.8333333333333334,1.0
1,1200,0.9,robustness,rf_baseline,0.5125243114047324,0.5625362416062616,-0.03791266378284219,15,3.143249300000207,0.9,0.8,1.0
1,1200,0.9,robustness,et_full,0.5421579679816685,0.5979857138925627,0.04013392066159427,15,2.6163477000000057,0.9,0.8,1.0
2,1200,0.9,robustness,rf_baseline,0.48874012971690234,0.5396643838895563,-0.05235688924736248,17,3.1014987999997174,0.9545454545454546,0.9090909090909091,1.0
2,1200,0.9,robustness,et_full,0.515458610810506,0.5628927084373567,-0.008066820998511082,17,2.905912100000023,0.9393939393939394,0.8636363636363636,1.0
3,1200,0.9,robustness,rf_baseline,0.4483218897841794,0.45091737033293083,-0.08841685890379991,12,3.153885800000353,0.6866666666666668,0.45,0.9166666666666666
3,1200,0.9,robustness,et_full,0.48195368899246727,0.4608791528391343,0.0026899787277081533,12,2.626184799999919,0.6833333333333333,0.45,0.8333333333333334
4,1200,0.9,robustness,rf_baseline,0.4616633935590626,0.46633321872134775,-0.034465214977372094,11,3.3883206000000428,0.95,0.9,1.0
4,1200,0.9,robustness,et_full,0.4856228009488842,0.5056767112425067,-0.04577101960005803,14,2.9193678999999975,1.0,1.0,1.0
5,1200,0.9,robustness,rf_baseline,0.440114163398027,0.36138969090103606,0.11582824743568565,10,3.355188300000009,0.9259259259259258,0.8333333333333334,1.0
5,1200,0.9,robustness,et_full,0.4650633173153531,0.43094987577972926,0.15781702815004028,10,2.911779800000204,0.9259259259259258,0.8333333333333334,1.0
6,1200,0.9,robustness,rf_baseline,0.4774914910816225,0.4653672235558215,0.08612615203734253,12,3.298998499999925,0.9090909090909091,0.8181818181818182,1.0
6,1200,0.9,robustness,et_full,0.4958111784470724,0.4782365965459209,0.10763307583697912,12,2.7345697000000655,0.9090909090909091,0.8181818181818182,1.0
7,1200,0.9,robustness,rf_baseline,0.4494790091012403,0.48271585655359556,-0.009093451850753276,11,3.1884728999998515,0.9083333333333332,0.85,0.9166666666666666
7,1200,0.9,robustness,et_full,0.47935837094789435,0.5275598508581751,0.05111954242941008,15,2.6847093000001223,0.9333333333333332,0.85,1.0
