dimension,primary_variable,primary_variable_zh,category,direction,spearman_rho,rf_importance,transformer_importance,combined_support,agreement_count,agreeing_methods,temporal_stability_r,robust
A00,population_density,人口密度,urban,negative,-0.06875615314694178,0.059691353997955096,0.03776021399376236,0.033567046474820735,2,random_forest;transformer,0.8960973164114211,False
A01,population_density,人口密度,urban,negative,-0.6693344395961734,0.4201794424048361,0.01880673531111953,0.15687347947433394,1,random_forest,0.9677233320384118,False
A02,organic_carbon,土壤有机碳,soil,negative,-0.5542606398672945,0.11113533064896128,0.040136651266260155,0.05995672351698556,2,random_forest;transformer,0.9577574872825695,True
A03,max_monthly_precip,最大月降水量,climate,positive,0.27257271581690146,0.14077585699946255,0.10150706659406737,0.09354571326391714,1,transformer,0.9058942111643662,False
A04,air_temp_mean,年均气温,temperature,negative,-0.6444604543039891,0.33218654142670484,0.0,0.12381537871949266,2,spearman;random_forest,0.9094243727715154,True
A05,elevation,高程,terrain,negative,-0.39948167245810945,0.052946205124396774,0.012901891959026811,0.02646747862267554,1,spearman,0.824960048471886,False
A06,tree_cover,树冠覆盖率,vegetation,negative,-0.712801496164448,0.057641936785753814,0.07645556378641823,0.05375865615975528,1,transformer,0.948007173832578,False
A07,impervious_surface,建成区比例,urban,negative,-0.7579053604721394,0.03060463059829127,0.014216258273432349,0.024850790147031593,2,spearman;transformer,0.970999527486386,True
A08,elevation,高程,terrain,positive,0.8686630326098376,0.5313176463197391,0.005098433763576463,0.18862988502721686,2,spearman;random_forest,0.9706646804905952,True
A09,slope,坡度,terrain,negative,-0.4749858535375968,0.029009334307106265,0.014713301545447689,0.02097938380210468,0,,0.9166953544422024,False
A10,clay_fraction,黏土比例,soil,negative,-0.2481513237653701,0.03167509340547628,0.05276815614695435,0.03620309876691107,1,random_forest,0.963187316074629,False
A11,flow_accumulation,汇流累积（对数）,terrain,negative,-0.265965185699797,0.14722370490394412,0.07622111024653278,0.08537962198410526,1,random_forest,0.9522849624023718,False
A12,aspect,坡向,terrain,negative,-0.05284150591007062,0.010601466348973996,0.025762109790948538,0.01845639921072266,1,transformer,0.9463822055551515,False
A13,annual_runoff,年径流量,hydrology,negative,-0.3577237788607077,0.18101299888113156,0.04766121757497085,0.09139698944717627,2,random_forest;transformer,0.9684298286236829,True
A14,flow_accumulation,汇流累积（对数）,terrain,positive,0.21186021278762054,0.05386331235039575,0.0,0.02663548410860334,1,random_forest,0.6516776820674111,False
A15,impervious_surface,建成区比例,urban,negative,-0.32110927045845084,0.01844961932220587,0.0821882548857497,0.03774483515622477,2,spearman;transformer,0.7115826275176419,False
A16,population_density,人口密度,urban,positive,0.2794642253755469,0.02369707253384991,0.0546362258024111,0.030513803405669043,1,transformer,0.8790961817712192,False
A17,water_capacity,田间持水量,soil,negative,-0.18930837913149307,0.101303418213025,0.05137811437357057,0.05456806413948103,1,random_forest,0.7715485803346249,False
A18,nighttime_lights,夜间灯光,urban,positive,0.19822851679354125,0.00968033167498362,0.015989240580314607,0.01357404455669263,0,,0.6275588786828201,False
A19,elevation,高程,terrain,negative,-0.7203021600548476,0.05837048929422895,0.13531604467756944,0.07270875072704004,2,spearman;transformer,0.9436321708174485,True
A20,nighttime_lights,夜间灯光,urban,positive,0.3266246097591346,0.0055437241004347914,0.049732175332596634,0.026692756443899946,2,spearman;transformer,0.6892130000758931,False
A21,elevation,高程,terrain,negative,-0.7951078372611466,0.01779322368285947,0.09118161410193153,0.045317566232315885,1,spearman,0.9478647710920922,False
A22,soil_moisture,表层土壤湿度,hydrology,negative,-0.2305753899816449,0.0323103441126982,0.04198554375389138,0.03102238799168637,2,random_forest;transformer,0.9124064139207054,True
A23,dew_point_temp,年均露点温度,temperature,positive,0.2593964317850187,0.06231898059364515,0.002484745285515275,0.02737636051591652,1,random_forest,0.9582745511550306,False
A24,flow_accumulation,汇流累积（对数）,terrain,negative,-0.18794768901185763,0.013630113880649535,0.019864958443640893,0.01886624670291877,2,random_forest;transformer,0.9431403849678855,True
A25,clay_fraction,黏土比例,soil,negative,-0.27931045989252323,0.013928018787185793,0.03538025594026302,0.02550291087063582,1,transformer,0.9677764726677132,False
A26,clay_fraction,黏土比例,soil,positive,0.16270738501683096,0.019543044949074096,0.021086302591518554,0.018824831606624515,0,,0.39922346873799874,False
A27,soil_moisture,表层土壤湿度,hydrology,negative,-0.4765092351083314,0.22167720621299103,0.06346919698523326,0.10797976538272935,2,spearman;random_forest,0.901959284498424,True
A28,max_monthly_precip,最大月降水量,climate,positive,0.29158082507079974,0.1804523254650115,0.0,0.07382706941224415,1,random_forest,0.9587686253127589,False
A29,flow_accumulation,汇流累积（对数）,terrain,negative,-0.18574146916992998,0.04566768135605831,0.11606250359899181,0.06152088361330188,2,random_forest;transformer,0.9445275183952059,True
A30,lst_nighttime,夜间地表温度,temperature,positive,0.3261988900460626,0.03707011699984093,0.10608630608787632,0.055788648099505976,2,random_forest;transformer,0.899290226880331,False
A31,organic_carbon,土壤有机碳,soil,positive,0.5816112428803707,0.16505806037403367,0.10201371859463393,0.09902705892884134,2,random_forest;transformer,0.9825981089778042,True
A32,impervious_surface,建成区比例,urban,negative,-0.7353230886303797,0.028184243775585004,0.00978892486423866,0.02227292727411873,1,random_forest,0.9623319552663538,False
A33,albedo,短波反照率,vegetation,negative,-0.06480356990982475,0.06605894871220105,0.03241938540585412,0.034380586970591195,1,random_forest,0.9408158339508487,False
A34,evi_mean,年均EVI,vegetation,negative,-0.6548126438508554,0.19077813836521837,0.015977028334233482,0.08122562330555999,1,random_forest,0.9519494651310835,False
A35,population_density,人口密度,urban,positive,0.10579119640380921,0.04966064198207085,0.07369871384675694,0.04278642907921921,2,random_forest;transformer,0.867289141811609,False
A36,impervious_surface,建成区比例,urban,negative,-0.10111316598559149,0.07884669558502613,0.14761319113575969,0.0768088011233685,1,transformer,0.8687531993534028,False
A37,aspect,坡向,terrain,positive,0.02874223481640877,0.08395205499653828,0.05731974730320669,0.050536528523268315,2,random_forest;transformer,0.9564482677867419,True
A38,annual_precip,年降水量,climate,negative,-0.23272724543636866,0.10692534788382907,0.0073881232935903395,0.04821375930284948,1,random_forest,0.8611989944962668,False
A39,albedo,短波反照率,vegetation,negative,-0.3813722357249211,0.015623063256751803,0.012452528470182243,0.018506696872319924,0,,0.9218441425396736,False
A40,nighttime_lights,夜间灯光,urban,negative,-0.4083167051907714,0.03173098963894916,0.08810456057488927,0.05028041397752775,2,spearman;transformer,0.9221440602280522,True
A41,lai_mean,年均叶面积指数,vegetation,positive,0.4526015216987067,0.11521876390994941,0.0,0.04820371856509536,1,random_forest,0.9264259426383448,False
A42,impervious_surface,建成区比例,urban,negative,-0.5279751029501357,0.005134828246442316,0.11026386386453638,0.04537011908741503,2,spearman;transformer,0.9495265412613305,True
A43,annual_runoff,年径流量,hydrology,negative,-0.34897089680732113,0.10974334173665239,0.14950471692347558,0.10121703145498119,3,spearman;random_forest;transformer,0.47327113962451667,False
A44,nighttime_lights,夜间灯光,urban,positive,0.10917904774538925,0.016058985130176708,0.02699019327120816,0.017113244299559658,0,,0.5018454844353284,False
A45,aspect,坡向,terrain,negative,-0.09713964748475235,0.014631282302360668,0.0028661978055278476,0.01747863743848897,0,,0.9468799528472809,False
A46,water_capacity,田间持水量,soil,negative,-0.4850651305301299,0.011384766237743985,0.10991616623774639,0.04984810317444014,0,,0.9684047013185129,False
A47,aspect,坡向,terrain,positive,0.07052398343227108,0.08454230503266637,0.0,0.03663594079597018,1,random_forest,0.8981904988962683,False
A48,aspect,坡向,terrain,positive,0.12127650640797268,0.03246975642733946,0.016090270500048402,0.030726605551692866,1,random_forest,0.7044914905494787,False
A49,lst_daytime,日间地表温度,temperature,positive,0.1510865629335837,0.01792998398525372,0.03276290957955426,0.020419010418158436,1,random_forest,0.6281357140335068,False
A50,nighttime_lights,夜间灯光,urban,negative,-0.29618715715735877,0.04996609237342799,0.1011114998629412,0.05785622734756809,1,transformer,0.9306138267884979,False
A51,soil_ph,土壤pH,soil,positive,0.5126364337639083,0.2590437953338922,0.011795666364151185,0.10090020037775828,1,random_forest,0.9708337106262304,False
A52,impervious_surface,建成区比例,urban,negative,-0.7372538712263347,0.10523343508195598,0.035070577421859296,0.056408455789610734,2,random_forest;transformer,0.9657286061222534,True
A53,clay_fraction,黏土比例,soil,negative,-0.21340453006647964,0.054187988811874026,0.03386573649931001,0.03627865978242758,2,random_forest;transformer,0.7384592845124905,False
A54,aspect,坡向,terrain,positive,0.030932622613064086,0.009976009472430923,0.06178108309448352,0.027627565822745805,1,transformer,0.9619619671168698,False
A55,nighttime_lights,夜间灯光,urban,negative,-0.3994675454283341,0.03294338146767251,0.03951121539978599,0.03426277470444728,2,random_forest;transformer,0.9545393890344708,True
A56,max_monthly_precip,最大月降水量,climate,positive,0.15859009546986289,0.09651165073989085,0.048841646741317676,0.05588960205716581,1,random_forest,0.927596272612028,False
A57,organic_carbon,土壤有机碳,soil,positive,0.43186275183920947,0.00706987739422682,0.020913282182272442,0.016755327951181415,0,,0.8948831849053823,False
A58,nighttime_lights,夜间灯光,urban,positive,0.48807928249279153,0.21571229722117474,0.07587679943107367,0.1095505304876679,3,spearman;random_forest;transformer,0.9631748061381044,True
A59,elevation,高程,terrain,negative,-0.537634373085778,0.07976391338416738,0.12054388174555172,0.07284987644335049,2,spearman;transformer,0.8998850153672718,False
A60,population_density,人口密度,urban,negative,-0.08798323407784492,0.009395974315266818,0.03820778127690841,0.01725401413058038,1,transformer,0.7786284389606188,False
A61,slope,坡度,terrain,positive,0.19025855194343705,0.08043011658552579,0.051199362616308294,0.046442124679866394,2,random_forest;transformer,0.7724959081857994,False
A62,aspect,坡向,terrain,positive,0.029242668669179333,0.021129851435472267,0.02746667676780431,0.019704767875263516,1,transformer,0.747718822318897,False
A63,max_monthly_precip,最大月降水量,climate,negative,-0.2322412402095001,0.08791454415310343,0.026058095215548874,0.04888391275562572,2,spearman;random_forest,0.6488222130277741,False
