variable,label,category,n_samples,random_cv_r2_mean,random_cv_r2_std,spatial_cv_r2_mean,spatial_cv_r2_std,delta_r2,top3_dimensions
elevation,Elevation,terrain,30000,0.9048877173095772,0.0027182519238257395,0.8658040422479868,0.01742975081806482,0.039083675061590384,"['A08', 'A59', 'A19']"
slope,Slope,terrain,30000,0.6176922425292036,0.006810759725265436,0.557521884582646,0.03146856187895866,0.06017035794655767,"['A08', 'A06', 'A61']"
aspect,Aspect,terrain,30000,0.1033359134858659,0.005055384601397238,0.02741275802771752,0.018407006194524324,0.07592315545814839,"['A47', 'A37', 'A63']"
flow_accumulation,Flow accumulation,terrain,30000,0.2188949692982367,0.014547779433882456,0.12303064588637706,0.033975722088249775,0.09586432341185964,"['A11', 'A59', 'A02']"
clay_fraction,Clay fraction,soil,30000,0.29913917749531055,0.0168836996201436,0.15238268904948843,0.07307886922465641,0.14675648844582212,"['A51', 'A28', 'A53']"
organic_carbon,Organic carbon,soil,30000,0.48673822427061636,0.016071792152290966,0.3557708320475321,0.04572956561559478,0.13096739222308423,"['A31', 'A02', 'A42']"
soil_ph,Soil pH,soil,30000,0.4551389819707031,0.008184380387268379,0.32900257283994705,0.06564464220129866,0.12613640913075608,"['A51', 'A08', 'A41']"
water_capacity,Water capacity,soil,30000,0.5669632077495678,0.007673752638775322,0.4312146493749177,0.05925632417331673,0.13574855837465005,"['A08', 'A17', 'A06']"
ndvi_mean,NDVI mean,vegetation,30000,0.8168407268146206,0.0017310853317723059,0.38495208698095085,0.27800844405134056,0.43188863983366976,"['A34', 'A41', 'A59']"
ndvi_max,NDVI max,vegetation,30000,0.796140793356779,0.004709792939811269,0.27627251237428385,0.33420188223437985,0.5198682809824952,"['A34', 'A59', 'A41']"
evi_mean,EVI mean,vegetation,30000,0.8256557440788477,0.0022619129849299337,0.4508276267489456,0.24026876866910205,0.37482811732990207,"['A34', 'A04', 'A19']"
lai_mean,LAI mean,vegetation,30000,0.78485370824956,0.0028142914533030913,0.2164523506832486,0.4262375589654222,0.5684013575663114,"['A19', 'A41', 'A36']"
tree_cover,Tree cover,vegetation,30000,0.7020222303917065,0.009710880473777408,0.6509967361224777,0.021070586460469543,0.051025494269228866,"['A08', 'A51', 'A07']"
albedo,Albedo,vegetation,30000,0.7574149195428491,0.007682180276007886,0.44818082103953855,0.22769424350328615,0.3092340985033106,"['A04', 'A02', 'A19']"
lst_daytime,LST daytime,temperature,30000,0.7875813210221912,0.0031443437385401908,0.486912053459545,0.17612434570529095,0.3006692675626462,"['A27', 'A34', 'A41']"
lst_nighttime,LST nighttime,temperature,30000,0.7150313584983872,0.006959059052588006,0.4740502252425099,0.11936629780552097,0.24098113325587728,"['A04', 'A13', 'A27']"
air_temp_mean,Air temperature,temperature,30000,0.8156185154409353,0.004134741448577039,0.5940694659840312,0.11751432897607107,0.22154904945690412,"['A04', 'A41', 'A19']"
dew_point_temp,Dew point,temperature,30000,0.7993196506316446,0.004889909294023467,0.5801798269095495,0.10227425436948127,0.21913982372209506,"['A19', 'A04', 'A23']"
annual_precip,Annual precipitation,climate,30000,0.73588702872611,0.0058999293789461765,0.6328315870200948,0.06678806275823233,0.10305544170601522,"['A03', 'A13', 'A38']"
max_monthly_precip,Max monthly precip.,climate,30000,0.7290677412337094,0.002570034527285323,0.5956348054875894,0.08120952764313485,0.13343293574612003,"['A28', 'A03', 'A56']"
soil_moisture,Soil moisture,hydrology,30000,0.7376450760242705,0.0022097699853030985,0.5463908374548309,0.13274341605076687,0.19125423856943968,"['A27', 'A04', 'A36']"
annual_runoff,Annual runoff,hydrology,30000,0.7531074920648526,0.004612275178468513,0.6403721604549946,0.0731884394430051,0.11273533160985805,"['A13', 'A43', 'A03']"
annual_et,Annual ET,hydrology,30000,0.7622713510275314,0.005190742450092725,0.5784875631102478,0.09284474891385909,0.18378378791728356,"['A04', 'A36', 'A43']"
impervious_surface,Built-up fraction,urban,30000,0.8125630723758231,0.005858442091804368,0.7612426783444455,0.06572098740055028,0.05132039403137767,"['A08', 'A52', 'A36']"
nighttime_lights,Nighttime lights,urban,30000,0.6872973035369649,0.010232886106382138,0.2780921838738575,0.3791808422468489,0.40920511966310746,"['A58', 'A13', 'A04']"
population_density,Population density,urban,30000,0.5284004417174272,0.027755577004009574,0.08936157939058238,0.4611515443279475,0.4390388623268448,"['A01', 'A00', 'A36']"
