variable,display_name_zh,category,unit,top_dimensions_combined,best_spearman_rho,rf_random_cv_r2,rf_spatial_cv_r2,transformer_random_cv_r2,transformer_spatial_cv_r2
elevation,高程,terrain,m,A08;A59;A19;A21;A43,0.8686630326098376,0.9048877173095772,0.8658040422479868,0.8291360855102539,0.7701250672340393
slope,坡度,terrain,degree,A08;A06;A61;A46;A11,-0.7194903066847054,0.6176922425292036,0.557521884582646,0.5295055508613586,0.49827048778533933
aspect,坡向,terrain,degree,A37;A17;A47;A27;A48,0.12127650640797268,0.1033359134858659,0.02741275802771752,0.02120974063873291,0.014351773262023925
flow_accumulation,汇流累积（对数）,terrain,log(cell count + 1),A11;A29;A30;A59;A31,-0.265965185699797,0.2188949692982367,0.12303064588637706,0.11092251539230347,0.0911339521408081
clay_fraction,黏土比例,soil,%,A51;A28;A53;A10;A11,0.28991148106938536,0.29913917749531055,0.15238268904948843,0.1493370532989502,0.1116613507270813
organic_carbon,土壤有机碳,soil,g/kg,A31;A42;A02;A46;A30,0.591856507658537,0.48673822427061636,0.3557708320475321,0.3327409863471985,0.2956139087677002
soil_ph,土壤pH,soil,pH,A51;A08;A46;A33;A19,-0.5315651141437967,0.4551389819707031,0.32900257283994705,0.30444155931472777,0.23553793430328368
water_capacity,田间持水量,soil,%,A08;A19;A17;A46;A59,0.5301471649525469,0.5669632077495678,0.4312146493749177,0.38346951007843016,0.29380546808242797
ndvi_mean,年均NDVI,vegetation,index,A19;A59;A34;A36;A41,-0.6155944276019628,0.8168407268146206,0.38495208698095085,0.6739932417869567,0.21838715076446533
ndvi_max,年最大NDVI,vegetation,index,A59;A34;A36;A19;A06,-0.5813823891598674,0.796140793356779,0.27627251237428385,0.6266735792160034,0.06280751228332519
evi_mean,年均EVI,vegetation,index,A34;A19;A59;A36;A56,-0.6548126438508554,0.8256557440788477,0.4508276267489456,0.6989839196205139,0.3065786242485046
lai_mean,年均叶面积指数,vegetation,m2/m2,A19;A59;A36;A41;A42,-0.5638908899387992,0.78485370824956,0.2164523506832486,0.5481459736824036,-0.10394796133041381
tree_cover,树冠覆盖率,vegetation,%,A08;A06;A51;A46;A21,0.7935126286402914,0.7020222303917065,0.6509967361224777,0.6450188398361206,0.6208424925804138
albedo,短波反照率,vegetation,fraction,A04;A19;A36;A02;A56,0.6044284225300111,0.7574149195428491,0.44818082103953855,0.5634028911590576,0.25413397550582884
lst_daytime,日间地表温度,temperature,degC,A27;A34;A36;A41;A19,0.5117921289608965,0.7875813210221912,0.486912053459545,0.46806672811508176,0.06283535957336425
lst_nighttime,夜间地表温度,temperature,degC,A04;A27;A30;A13;A58,-0.47811343284619245,0.7150313584983872,0.4740502252425099,0.3693526864051819,0.1564306378364563
air_temp_mean,年均气温,temperature,degC,A04;A19;A41;A30;A21,-0.6444604543039891,0.8156185154409353,0.5940694659840312,0.6439726114273071,0.37810579538345335
dew_point_temp,年均露点温度,temperature,degC,A19;A04;A56;A36;A21,-0.5985521455141721,0.7993196506316446,0.5801798269095495,0.5923664450645447,0.35213868618011473
annual_precip,年降水量,climate,mm,A03;A13;A43;A38;A50,0.3332731535094919,0.73588702872611,0.6328315870200948,0.07535389661788941,0.03169203996658325
max_monthly_precip,最大月降水量,climate,mm,A03;A28;A56;A63;A36,0.29158082507079974,0.7290677412337094,0.5956348054875894,0.06858832836151123,-0.01796894073486328
soil_moisture,表层土壤湿度,hydrology,m3/m3,A27;A04;A36;A30;A17,-0.4765092351083314,0.7376450760242705,0.5463908374548309,0.38811142444610597,0.23656595945358277
annual_runoff,年径流量,hydrology,mm,A43;A13;A03;A29;A38,-0.3577237788607077,0.7531074920648526,0.6403721604549946,0.07183272838592529,0.023610270023345946
annual_et,年蒸散量,hydrology,mm,A04;A36;A43;A42;A30,-0.4881580345377544,0.7622713510275314,0.5784875631102478,0.41597225666046145,0.24920549392700195
impervious_surface,建成区比例,urban,%,A08;A36;A52;A42;A15,-0.7926284025385469,0.8125630723758231,0.7612426783444455,0.746954333782196,0.6875279903411865
nighttime_lights,夜间灯光,urban,nW/cm2/sr,A58;A50;A13;A40;A55,0.48807928249279153,0.6872973035369649,0.2780921838738575,0.2569712042808533,-0.33212116956710813
population_density,人口密度,urban,people/km2,A01;A56;A35;A46;A00,0.6745123142069835,0.5284004417174272,0.08936157939058238,0.2571109771728516,-0.25536948442459106
